stopa,znakova,bitova,bpc
0.05,1088,8704,0.044271
0.1,2176,17408,0.088542
0.25,5440,43520,0.221354
0.5,10880,87040,0.442708
1.0,21760,174080,0.885417
